code,system
44T1.00,readv2
44T1100,readv2
L1300RC,oxmis
L1300RV,oxmis
L1300RY,oxmis
44T1000,readv2
44U8.00,readv2
44U9.00,readv2
44V1.00,readv2
R102.00,readv2
44T1200,readv2
44Uz.00,readv2
L1300H,oxmis
L1300RB,oxmis
44T2.00,readv2
44TK.00,readv2
44T3.00,readv2
44T3.11,readv2
44T4.00,readv2
44T5.00,readv2
44T6.00,readv2
44T7.00,readv2
44T8.00,readv2
44T9.00,readv2
44TE.00,readv2
44TF.00,readv2
44TG.00,readv2
44TH.00,readv2
44TI.00,readv2
44TJ.00,readv2
44U7.00,readv2
R10D.00,readv2
L1300F,oxmis
L1300R,oxmis
44TM.00,readv2
44U1.00,readv2
44U2.00,readv2
44U3.00,readv2
44U4.00,readv2
44U5.00,readv2
44U6.00,readv2
44UZ.00,readv2
8A17.00,readv2
L1300A,oxmis
44U..00,readv2
44U..11,readv2
44V..00,readv2
44V..11,readv2
44V..12,readv2
44V6.00,readv2
44VZ.00,readv2
7P17200,readv2
R102.12,readv2
L3300,oxmis
L3300NM,oxmis
44f..00,readv2
44f3.00,readv2
44f4.00,readv2
44f5.00,readv2
44f6.00,readv2
44f7.00,readv2
L1300RA,oxmis
L1300RW,oxmis
L1300RX,oxmis